benchmark name,instruction count,Exercises2p1,exp2p1Cycles,IPC,KHZ
median,155942,148040,1501029,0.1,3.44
mem_BW,27881881,3000000,51170801,0.06,1.41
memcpy,222983,214088,1772072,0.12,3.4
memlatency,22898829,3000000,25008468,0.12,2.76
mergesort,382020,390269,4726705,0.08,2.89
multiply_inscount,164660,156759,2177452,0.07,2.31
qsort,481953,474048,10416647,0.05,2.16
rsort,674425,666359,5909283,0.11,2.97
spmv,235840,227935,2074847,0.11,3.56
St-matmul,239153,231194,2334121,0.1,2.96
st_vvadd,245334,237354,2294602,0.1,2.89
towers,144413,136511,1307355,0.1,3.5
vvadd,143155,135209,1256260,0.11,3.38
