UOP,median_execution_summary.txt,memBW_execution_summary.txt,memcpy_execution_summary.txt,memlatency_execution_summary.txt,mergesort_execution_summary.txt,multiply_execution_summary.txt,qsort_execution_summary.txt,rsort_execution_summary.txt,spmv_execution_summary.txt,stmatmul_execution_summary.txt,stvvadd_execution_summary.txt,towers_execution_summary.txt,vvadd_execution_summary.txt
UOP_INV,0,0,0,0,0,0,0,0,0,0,0,0,0
UOP_SPEC,0,0,0,0,0,0,0,0,0,0,0,0,0
UOP_NOP,1210,1446,1219,1432,4709,1307,10494,1217,1210,1209,1209,2049,1210
UOP_CF,28090,250686,31997,107194,55301,32747,69910,34622,29892,30949,30949,27052,26449
UOP_CMOV,263,308,268,638,260,263,263,268,763,261,261,263,263
UOP_LDA,0,0,0,0,0,0,0,0,0,0,0,0,0
UOP_IMEM,52565,1424132,85974,1304101,197540,67794,263578,336562,72205,110174,110174,49193,45151
UOP_IADD,87050,1422478,122104,1494402,217233,89388,233836,315225,124521,128001,128001,77324,80513
UOP_IMUL,123,142,124,260,121,123,123,124,123,12669,12669,123,123
UOP_IDIV,0,0,0,0,0,0,0,0,0,0,0,0,0
UOP_ICMP,0,0,0,0,0,0,0,0,0,0,0,0,0
UOP_LOGIC,13113,24172,13235,24379,14194,19513,13113,13223,15613,13079,13079,13123,13113
UOP_SHIFT,3773,347597,6996,361628,4993,9474,8832,31673,3474,3219,3219,2991,3274
UOP_BYTE,0,1,0,1,0,0,0,0,0,0,0,0,0
UOP_MM,0,0,0,0,0,0,0,0,0,0,0,0,0
UOP_VADD,0,0,0,0,0,0,0,0,0,0,0,0,0
UOP_VSTR,0,0,0,0,0,0,0,0,0,0,0,0,0
UOP_VFADD,0,0,0,0,0,0,0,0,0,0,0,0,0
UOP_LFENCE,0,0,0,0,0,0,0,0,0,0,0,0,0
UOP_FULL_FENCE,0,0,0,0,0,0,0,0,0,0,0,0,0
UOP_ACQ_FENCE,0,0,0,0,0,0,0,0,0,0,0,0,0
UOP_REL_FENCE,0,0,0,0,0,0,0,0,0,0,0,0,0
UOP_FMEM,1013,132458,2043,1673,990,1013,1013,1033,19109,1012,1012,1013,1013
UOP_FCF,0,0,0,0,0,0,0,0,0,0,0,0,0
UOP_FCVT,0,0,0,0,0,0,0,0,0,0,0,0,0
UOP_FADD,1100,1653,1143,2553,1127,1100,1100,1130,6499,1102,1102,1100,1100
UOP_FMUL,0,0,0,0,0,0,0,0,2399,0,0,0,0
UOP_FDIV,0,0,0,0,0,0,0,0,0,0,0,0,0
UOP_FCMP,0,0,0,0,0,0,0,0,0,0,0,0,0
UOP_FBIT,0,0,0,0,0,0,0,0,0,0,0,0,0
UOP_FCMOV,0,0,0,0,0,0,0,0,0,0,0,0,0
UOP_LD,0,0,0,0,0,0,0,0,0,0,0,0,0
UOP_ST,0,0,0,0,0,0,0,0,0,0,0,0,0
UOP_SSE,0,0,0,0,0,0,0,0,0,0,0,0,0
UOP_SIMD,0,0,0,0,0,0,0,0,0,0,0,0,0
UOP_AES,0,0,0,0,0,0,0,0,0,0,0,0,0
UOP_PCLMUL,0,0,0,0,0,0,0,0,0,0,0,0,0
UOP_X87,0,0,0,0,0,0,0,0,0,0,0,0,0
UOP_XSAVE,0,0,0,0,0,0,0,0,0,0,0,0,0
UOP_XSAVEOPT,0,0,0,0,0,0,0,0,0,0,0,0,0
TOTAL,188300,3605073,265103,3298261,496468,222722,602262,735077,275808,301675,301675,174231,172209
