WithOut modification settings,,,,,,,,,,,,,,,,,,,,,,,
UOP,median,mem_BW,memcpy,memlatency,mergesort,multiply_inscount,qsort,rsort,spmv,St-matmul,st_vvadd,towers,vvadd,,,,,benchmark name,instruction count,Exercises2p1,exp2p1Cycles,IPC,KHZ
UOP_IADD,,,,,,,,,,,,,,,,,,,,,,0.1,3.44
,,,,,,,,,,,,,,,,,,,,,,0.06,1.41
,,,,,,,,,,,,,,,,,,,,,,0.12,3.4
,,,,,,,,,,,,,,,,,,,,,,0.12,2.76
,,,s,,,,,,,,,,,,,,,,,,,0.08,2.89
total_UOPS,,,,,,,,,,,,,,,,,,,,,,0.07,2.31
CPI,,,,,,,,,,,,,,,,,,,,,,0.05,2.16
Total_Instructions(from macSim),148040,3000000(overflow?),214088,3000000(overflow? ),390269,156759,474048,666359,227935,231194,237354,136511,135209,,,,,,,,,0.11,2.97
Total_Instructions(from intel PIN),155942,27881881,222983,22898829,382020,164660,481953,674425,235840,239153,245334,144413,143155,,,,,,,,,,
Total_Cycles(read from macsim),1501029,51170801,1772072,25008468,4726705,2177452,10416647,5909283,2074847,2334121,2294602,1307355,1256260,,,,,,,,,0.11,3.56
CPI_macSim,10,16.67,8.33,8.33,12.5,14.28,20,9.09,9.09,9.09,10,10,9.09,,,,,,,,,0.1,2.96
,,,,,,,,,,,,,,,,,,,,,,0.1,2.89
,,,,,,,,,,,,,,,,,,,,,,0.1,3.5
,,,,,,,,,,,,,,,,,,,,,,0.11,3.38
,,,,,,,,,,,,,,,,,,,,,,,
Group 06: latency factor: (6+55)*10 /110 = 5.545,,,,,,,,,,,,,,,,,,,,,,,
,,,,,,,,,,,,,,,,,,,,,,,
,,,,,,,,,,,,,,,,,,,,,,,
Post Code changes,,,,,,,,,,,,,,,,,,,,,,,
