UOP;median;memBW;memcpy;memlatency;mergesort;multiply;qsort;rsort;spmv;stmatmul;stvvadd;towers;vvadd
UOP_BYTE;0;3;0;2;0;0;0;0;0;0;0;0;0
UOP_CF;29013;1867576;32911;2254818;56172;33670;70825;35533;30807;31849;31559;27966;27364
UOP_CMOV;264;721284;268;664;261;264;264;268;764;262;2262;264;264
UOP_FADD;1359;2098;1353;199520;1358;1359;1357;1353;6756;1332;7330;1357;1357
UOP_FDIV;0;5;0;7;0;0;0;0;0;0;0;0;0
UOP_FMEM;1111;263793;3123;67379;1099;1111;1115;1127;19211;1102;25106;1115;1115
UOP_FMUL;0;1;0;0;0;0;0;0;2399;0;0;0;0
UOP_IADD;90559;13397684;125415;10703272;220528;92897;237317;318646;128002;131452;130311;80804;83994
UOP_IMEM;55493;14928220;88958;15846925;200453;70722;266504;339536;75131;113098;83534;52119;48077
UOP_IMUL;144;243;145;65883;142;144;144;145;144;12690;144;144;144
UOP_LOGIC;14272;738620;14390;410954;15297;20672;14260;14385;16760;14213;16203;14270;14260
UOP_NOP;1643;2293;1636;395398;5125;1740;10926;1636;1642;1638;1641;2481;1642
UOP_SHIFT;4093;3542882;7310;528240;5295;9794;9148;31990;3790;3533;5275;3307;3590
total UOPS;197951;35464702;275509;30473062;505730;232373;611860;744619;285406;311169;303365;183827;181807
CPI;6.2852;6.6321;6.3190;5.7874;6.4900;6.7550;6.4977;6.3376;6.1555;6.5862;6.3703;6.4244;6.2443
Total_Instructions;155535;27881896;222329;22895978;397424;164254;481499;673722;235386;238553;244686;143959;142659
Total_cycles;1508895;475418006;1869855;368605914;4568458;2169621;10565156;6070442;2068034;2344433;2305676;1356672;1281866
CPI_macsim;9.7013;17.0511;8.4103;16.0992;11.4952;13.2089;21.9422;9.0103;8.7857;9.8277;9.4230;9.4240;8.9855
