p12,s1_mean,s1_min,s1_max,s2_mean,s2_min,s2_max,s3_mean,s3_min,s3_max
0.0,666336.8835074301,665914.95162562,666758.81538924,1.50086888,1.49980556,1.5019322,666229.302546415,665726.01362952,666732.59146331
0.1,418054.26553588,418016.78911378,418091.74195798,1.6760259849999999,1.67527021,1.67678176,472537.64768177504,472449.10277646,472626.19258709
0.2,215505.04783857,215492.87347863,215517.22219851,1.9258499100000002,1.92532439,1.92637543,274752.399849855,274705.12208587,274799.67761384
0.3,48825.82756967,48740.71952473,48910.93561461,2.3077020050000003,2.30665559,2.30874842,70270.01903642999,70136.13507059,70403.90300227
0.4,8.13148111,8.1240535,8.13890872,2.97538794,2.973904,2.97687188,10.49916608,10.49063489,10.50769727
0.5,5.097708975,5.09492978,5.10048817,4.44975873,4.44709062,4.45242684,4.473965440000001,4.4645421,4.48338878
0.6,8.03832238,8.01807594,8.05856882,10.34481529,10.31188237,10.37774821,2.9870195649999998,2.98116705,2.99287208
0.7,48472.663357590005,48313.49013623,48631.83657895,69745.136230025,69558.73134637,69931.54111368,2.310784375,2.30767453,2.31389422
0.8,215349.33707533,215286.92266979,215411.75148087,274505.48660053,274443.11189321,274567.86130785,1.926578975,1.92484758,1.92831037
0.9,417292.39846253,417284.71043177,417300.08649329,471672.05139947496,471538.03208296,471806.07071599,1.676101535,1.67488694,1.67731613
1.0,665898.564289615,665835.35433223,665961.774247,665685.28602315,665418.012014,665952.5600323,1.4999840999999998,1.49962391,1.50034429
