p12,source1_delay_ms,source2_delay_ms,source3_delay_ms
0.0,666336.8835074301,1.50086888,666229.302546415
0.1,418054.26553588,1.6760259849999999,472537.64768177504
0.2,215505.04783857,1.9258499100000002,274752.399849855
0.3,48825.82756967,2.3077020050000003,70270.01903642999
0.4,8.13148111,2.97538794,10.49916608
0.5,5.097708975,4.44975873,4.473965440000001
0.6,8.03832238,10.34481529,2.9870195649999998
0.7,48472.663357590005,69745.136230025,2.310784375
0.8,215349.33707533,274505.48660053,1.926578975
0.9,417292.39846253,471672.05139947496,1.676101535
1.0,665898.564289615,665685.28602315,1.4999840999999998
