UOP,median,memBW,memcpy,memlatency,mergesort,multiply,qsort,rsort,spmv,st-matmul,st-vvadd,towers,vvadd
UOP_NOP,1210,1446,1219,1432,4709,1307,10494,1217,1210,1209,1209,2049,1210
UOP_CF,28090,250686,31997,107194,55301,32747,69910,34622,29892,30949,30949,27052,26449
UOP_CMOV,263,308,268,638,260,263,263,268,763,261,261,263,263
UOP_IMEM,52565,1424132,85974,1304101,197540,67794,263578,336562,72205,110174,110174,49193,45151
UOP_IADD,87050,1422478,122104,1494402,217233,89388,233836,315225,124521,128001,128001,77324,80513
UOP_IMUL,123,142,124,260,121,123,123,124,123,12669,12669,123,123
UOP_LOGIC,13113,24172,13235,24379,14194,19513,13113,13223,15613,13079,13079,13123,13113
UOP_SHIFT,3773,347597,6996,361628,4993,9474,8832,31673,3474,3219,3219,2991,3274
UOP_BYTE,0,1,0,1,0,0,0,0,0,0,0,0,0
UOP_FMEM,1013,132458,2043,1673,990,1013,1013,1033,19109,1012,1012,1013,1013
UOP_FADD,1100,1653,1143,2553,1127,1100,1100,1130,6499,1102,1102,1100,1100
UOP_FMUL,0,0,0,0,0,0,0,0,2399,0,0,0,0
total UOPS,188300,3605073,265103,3298261,496468,222722,602262,735077,275808,301675,301675,174231,172209
CPI,9.953266,9.996332,9.965508,9.993808,9.981840,9.960489,9.985388,9.987702,9.741907,9.970776,9.970776,9.949492,9.948899
Total Instructions,148040,3000000,214088,3000000,390269,156759,474048,666359,227935,231194,237354,136511,135209
Total cycles,1501029,51170801,1772072,25008468,4726705,2177452,10416647,5909283,2074847,2334121,2294602,1307355,1256260
CPI macsim,10.139347,17.056934,8.277307,8.336156,12.111403,13.890443,21.973823,8.868017,9.102801,10.095941,9.667425,9.576921,9.291245
