data_lambda,voice_p5,data_p5,voice_p6,data_p6
1.0,3.5642116550000003,41.98395133,3.4796924899999997,42.166946069999995
3.0,7.72523578,46.191747045,6.92770843,46.776139885
5.0,12.755702320000001,51.119425605,10.34634631,52.189322315
7.0,19.1898936,57.639461385000004,13.865879155,59.33178006
9.0,27.402673645,65.92086584500001,17.335244064999998,68.411357295
11.0,38.688658294999996,77.34914595000001,20.88867216,80.94342846
13.0,54.39250534,93.107096365,24.34346044,98.23469472
15.0,78.624731845,117.57616632,27.86910641,125.07936294000001
17.0,120.138117295,159.43386577500002,31.35884767,171.01076992499998
19.0,204.85768664,244.201794775,34.925991705,264.03254594
20.0,289.90192698,329.24159823499997,36.67827562,357.35123219499997
21.0,473.59773260500003,512.891161825,38.465380554999996,558.896061525
22.0,1190.29864959,1230.52363221,40.251593744999994,1346.47620979
